Company Name,Address,,,,Phone Number,,Website,Email,Energy Audit ,Weatherization  ,HVAC/Heat Pump,Electrical ,Water Heater ,Appliances ,Certifications 
Advanced Solar,"3321 75th Avenue Suite F, Hyattsville, MD 20785 ",,,,+12025055401,(202) 505-5401,https://advanced.solar, info@advanced.solar,No,No,No,Yes,No,No,BBB Accredited with A+ rating 
A & H Plumbing,1329 Shepard Dr,Sterling,VA,20164,+17034069845,703-406-9845,https://advairac.com/,estimating@advairac.com,,,,,,,Pro Partner Plumbing 
A Action Home Services,6404 Telegraph Rd Suite 200,Alexandria,VA,22310,+17032159914,703-215-9914,https://www.aactionhomeservices.com/contact-us/,Kenneth.Teets@aactionhs.com,No,No,Yes,Yes,Yes,No,"BBB, 2024 FAVES, Eaton Certified Electrical Contractor"
A. B. Chelini Dba United Service Specialists,5110 Roanoke Place Suite 104,College Park,MD,20740,+13012419200,(301) 241-9200,https://unitedservicespecialists.com,Contact through Website ,Yes,No,Yes,No,Yes,No,"Mitsubishi Electric Diamond Contractor, ClimateMaster, BBB Rating: A+, Energy Star"
Air Treatment Co,518 Mill St NE,Vienna,VA,22180,+17039380550,703-938-0550,https://www.air-treatment.com/,Contact through Website ,No,No,Yes,No,Yes,No,"BBB Accredited with A+ rating, Factory Authorized Dealer Carrier, Pro Partner Heating + Cooling, Residential Financing"
Airflow Sheet Metal,12219 BRADDOCK RD,FAIRFAX,VA,22030,+12406041758,240-604-1758,https://airflowsheetmetal.com,Contact through Website ,No,No,Yes,No,No,No,Daikin Comfort Pro
"Anthony & Son Indoor Air Quality, LLC",1109 Taft St,Rockville,MD,20850,+12406836862,(240) 683-6862,https://anthonyandsonhac.com,Contact through Website ,No,No,Yes,No,Yes,No,"Mitsubishi Electric Diamond Contractor, Expertise.com: Best HVAC & Furnace Repair Services in Gaithersburg 2022"
Argent Heating & Cooling LLC,2724 DORR AVE SUITE 201,FARIFAX,VA,22031,+17032816300,703-281-6300,https://argent-heating-cooling.com,info@argent-llc.com,No,No,Yes,No,No,Yes,Daikin Comfort Pro
Bausum & Duckett Electric Co. Inc.,1715 Midway Road ,Odenton,MD,21113,+18006248887,800-624-8887,https://bdelec.net,Contact through Website ,No,No,No,Yes,No,No,Eaton Certified Electrical Contractor
Birckhead Electric Inc.,3506 Malec Ln,Bowie,MD,20715,+12402068375,(240) 206-8375,https://birckhead.com/,Contact through Website ,No,No,No,Yes,No,No,Eaton Certified Electrical Contractor
Blueprint Robotics,"1500 Broening Hwy, Baltimore, MD 21224",,MD,21224,+14439279027,(443) 927-9027,https://www.blueprint-robotics.com/,Contact through Website ,No,No,No,Yes,Yes,No,Eaton Certified Electrical Contractor
Calvin Generator,"Baltimore, MD 21211",,MD,21211,+12403109495,240-310-9495,http://www.calvingenerator.com/,CalvinGenerator@gmail.com,,,,,,,Eaton Certified Electrical Contractor
Cam Electrical Services Inc,"3800 North Point Blvd Baltimore, MD 21222",,MD,21222,+14102841308,1-410-284-1308,https://cam-electrical.com,info@cam-electrical.com,No,No,No,Yes,No,Yes,Eaton Certified Electrical Contractor
Capps Mechanical ,"1435 N, Solomons Island Rd, Huntingtown, MD 20639",,MD,20639,+14436847914,(443) 684-7914,https://cappsmechanical.com,Contact through Website ,No,No,Yes,No,No,No,Mitsubishi Electric Diamond Contractor
Castro Electrical Services,"Gaithersburg, MD 20855",,MD,20855,+12402436142,(240) 243-6142,https://castroelectricalservices.com/,,,,,,,,Eaton Certified Electrical Contractor
Certified Electrical Technologies,"7879 Cessna Ave Gaithersburg, MD 20879",,MD,20879,+13019485252,301.948.5252,http://www.certifiedelec.com/,gary@certifiedelec.com,No,No,No,Yes,No,No,Eaton Certified Electrical Contractor
CK Electric,"Sykesville, MD 21784",,MD,21784,+14439203078,443.920.3078,https://ckelectricllc.com/,info@ckelectricllc.com,No,No,No,Yes,No,No,"BBB Accredited with A+ rating, Eaton Certified Electrical Contractor"
Colonial Electric,"Harwood, MD 20776",,MD,20776,+14109284170,410-928-4170,http://www.colonialelec.com/,INFO@COLONIALELEC.COM,No,No,No,Yes,No,Yes,"ABC CHESAPEAKE SHORES PLATINUM STEP SAFETY AWARD 2023, Eaton Certified Electrical Contractor"
"Comfort Solutions, Inc.","7214A Lockport Pl, Lorton, VA 22079",,VA,22079,+17032663678,703-266-3678,https://callcomfortsolutions.com,service@comfortsolutionsinc.net,Yes,No,Yes,Yes,Yes,No,"Mitsubishi Electric Diamond Contractor, Factory Authorized Dealer Carrier, North American Technician Excellence (NATE)"
"Conde Tech Services, LLC","Great Falls, VA 22066",,VA,22066,+15715367575,(571) 536-7575,https://www.condetechservices.com/,,,,,,,,Eaton Certified Electrical Contractor
"Cool Breeze Plumbing, Heating, And AC","18918 Premiere Ct, Gaithersburg, MD 20879",,MD,20879,+13018793400,301-879-3400,https://www.coolbreezeplumbingheatac.com,service@foracoolbreeze.com,No,No,Yes,No,Yes,No,"Bryant Factory Authorized Dealer, BBB Accredited with A+ rating, Daikin Comfort Pro"
Cornett Heating & Cooling LLC,"104 RITCHIE HWY, PASADENA , MD 21122",,MD,21122,+14106476979,410-647-6979,https://www.cornetthvac.com,Contact through Website ,No,No,Yes,No,Yes,No,Daikin Comfort Pro
Cropp Metcalfe Services,"8421 Hilltop Road, Fairfax, VA 22031",,VA,22031,+17036988855,703-698-8855,http://www.croppmetcalfe.com/,mdiaz@croppmetcalfe.com,Yes,Yes,Yes,Yes,Yes,No,"Factory Authorized Dealer Carrier,  2018 PHCC National and Virginia Contractor of the Year, Pro Partner Heating + Cooling, Residential Financing, BPI GoldStar Contractor "
Cyd Electrical,"Baltimore, MD 21229",,MD,21229,+18003146293,1-800-31-46293,https://cydelectrical.com/,CONTACT@cydelectrical.com,No,No,No,Yes,No,Yes,Eaton Certified Electrical Contractor
Cyprus Air Heating & Cooling,"7525 Richmond Highway Alexandria, Virginia 22306",,VA,22306,+15713679600,571-367-9600,https://indoorcomfort.com,,No,No,Yes,No,Yes,No,"BBB Accredited with A- rating, Pro Partner Heating + Cooling"
"Dora Electric, LLC","Lorton, VA 22079",,VA,22079,+12024128335,(202) 412-8335,https://www.doraelectric.com,contact@doraelectric.com,No,No,No,Yes,No,No,Eaton Certified Electrical Contractor
Douglas & Son Services,"19801 Bucklodge Road Boyds, MD 20841",,MD,20841,+13014671440,301-467-1440,https://douglasandsonservices.com,Contact through Website ,No,No,Yes,No,Yes,No,Pro Partner Plumbing 
Edge Energy,"6854 Distribution Dr, Beltsville, MD 20705",,MD,20705,+18885863343,(888) 586-3343,http://www.edge-gogreen.com/,hello@edge-gogreen.com,Yes,Yes,Yes,Yes,Yes,No,"Six-time ENERGY STAR® Contractor of the Year, BPI GoldStar Contractor "
Efficient Home LLC,"3905 National Drive, Suite 105 Burtonsville, MD 20866",,MD,20866,+13014767680,(301) 476-7680,http://www.efficienthomellc.com/,info@efficienthomellc.com,Yes,Yes,Yes,No,No,Yes,BPI GoldStar Contractor 
"F.H. Furr Plumbing, Heating, Air Conditioning & Electrical, Inc.","9040 Mike Garcia Dr Manassas, VA 20109",,VA,20109,+17037534410,703-753-4410,https://www.fhfurr.com/dc-metro-area/,Contact through Website ,No,Yes,Yes,Yes,Yes,Yes,"Mitsubishi Electric Diamond Contractor, BBB Accredited with A rating, North American Technician Excellence (NATE), Daikin Comfort Pro"
Fairland Plumbing & Heating,"4910 Brookeville Road, Brookeville, MD 20833",,MD,20833,+13018692727,301-869-2727,https://www.fairlandplumbing.net/,Contact through Website ,No,No,Yes,No,Yes,No,Residential Financing
Flywheel Development,"1140 3rd St NE 2nd Floor, Washington, DC 20002",,DC,20002,+12027151650,(202) 715-1650,https://www.flywheeldevelopment.com,Contact through Website ,No,No,No,Yes,No,No,Certified Business Enterprise Program
"Frosty's Heating & Cooling, Inc","3013 Colvin St, Alexandria, VA 22314",,VA,22314,+1 703-671-9193,703-671-9193,http://www.frostysinc.com/,Contact through Website ,No,No,Yes,No,Yes,No,"Pro Partner Heating + Cooling, Residential Financing"
Gary P Frank Inc,"8918 Ridge Pl, Bethesda, MD 20817",,MD,20817,+13014935766,301-493-5766,https://www.garypfrank.com,Contact through Website ,Yes,No,Yes,No,Yes,No,"Mitsubishi Electric Diamond Contractor, Factory Authorized Dealer Carrier"
Greenscape Energy,"4600 Minnesota Ave NE, Washington, DC 20019",,DC,20019,+12026216623,(202) 621-6623,https://greenscape.energy,info@greenscape.energy,No,No,Yes,Yes,No,No,Certified Energy Efficiency
GRID Alternatives,"1629 Benning Road NE Suite 300, Washington, DC 20002",,DC,20002,+12026020191,(202) 602-0191,https://gridalternatives.org,infodc@gridalternatives.org,No,No,No,Yes,No,No,
"Harris Mullen Electric, LLC","Baltimore, MD 21214",,MD,21214,,,,,,,,,,,Eaton Certified Electrical Contractor
Hickerson Brothers Electric Service Inc,"Catlett, VA 20119",,VA,20119,,,,,,,,,,,Eaton Certified Electrical Contractor
"Holt Electrical Contractors, Inc","Gaithersburg, MD 20879",,MD,20879,+13013492980,(301) 349-2980​,http://www.holtelectrical.com/,m.holt@holtelectrical.com,No,No,No,Yes,No,No,Eaton Certified Electrical Contractor
Home Energy Medics LLC,"817 22nd St. South Arlington, VA 22202",,VA,22202,+17034475379,(703) 447-5379,http://www.homeenergymedics.com/,vwells@homeenergymedics.com,Yes,Yes,Yes,No,Yes,No,BPI GoldStar Contractor 
Hometrust Remodeling,"8345 Sperry Court Laurel, MD 20723",,MD,20723,+13019576532,(301) 957-6532,http://www.hometrustremodeling.com/,info@hometrustremodeling.com,Yes,Yes,No,No,No,No,"BPI Certified Professional, BPI GoldStar Contractor "
Horizon Services ,"2607 N Rolling Rd. Suite 201, WINDSOR MILL , MD 21244",,MD,21244,+14432499585,443-249-9585,https://www.horizonservices.com,Contact through Website ,No,No,Yes,Yes,Yes,No,Daikin Comfort Pro
Hugee Corporation,"1818 New York Ave NE, Ste 208D Washington DC, 20002",,DC,20002,+12026361041,202-636-1041,https://www.hugeecorporation.com,Contact through Website ,No,No,Yes,No,Yes,No,"BBB Accredited with A+ rating, Daikin Comfort Pro"
James A Wheat & Sons Inc.,"7834 Beechcraft Ave, Gaithersburg, MD 20879",,MD,20879,+13016701944,301-670-1944,https://www.wheatandsons.com/,Contact through Website ,No,No,Yes,No,Yes,No,"Factory Authorized Dealer Carrier, Daikin Comfort Pro"
James Vito Dba Vito Services,"681 Southlawn Ln Rockville, MD 20850",,MD,20850,+13012510211,301-251-0211,,,,,,,,,"Pro Partner Heating + Cooling, Residential Financing"
John G Webster Service Co,"10738 Tucker Street Beltsville, MD 20705",,MD,20705,+12404331300,(240) 433-1300,https://johngwebster.com,info@johngwebster.com,No,No,Yes,No,Yes,No,"Mitsubishi Electric Diamond Contractor, BBB Accredited with A+ rating "
King Mechanical Co Inc,"1718 BELMONT AVE STE J, WINDSOR MILL , MD 21244",,MD,21244,+14102650078,410-265-0078,https://www.kingmechanicalco.com,service.kingmechanicalco@gmail.com,No,No,Yes,No,No,No,Daikin Comfort Pro
"Leonard-Splaine Co., Inc","13300 Occoquan Road, Woodbridge, VA 22191",,VA,22191,+15716772125,571-677-2125,https://www.leonardsplaine.com,Contact through Website ,No,Yes,Yes,Yes,Yes,No,Mitsubishi Electric Diamond Contractor
Linthicum Electrical Services,"Olney, MD 20832",,MD,20832,+13014491600,(301) 449-1600,,linthicumelectric@comcast.net,,,,,,,Eaton Certified Electrical Contractor
"Magnolia Plumbing, Heating & Cooling","600 Gallatin Street NE Washington, DC 20017",,DC,20017,+12028298510,202-829-8510,https://magnoliacompanies.com/,Contact through Website ,No,No,Yes,No,Yes,No,"Pro Partner Heating + Cooling, Residential Financing, Mitsubishi Electric Diamond Contractor, BBB Accredited with A rating, Backflow certified, WARDFlex certified, Air Bound certified, Daikin Comfort Pro"
Magothy Electric Co. Inc.,"Glen Burnie, MD 21060",,MD,21060,,,https://www.magothyelectric.com/,,,,,,,,Eaton Certified Electrical Contractor
Making Air Right Heating & Air Conditioning,"13441 Winterspoon Ln, Germantown, MD 20874",,MD,20874,+13015148368,301-514-8368,https://makingairright.com,Contact through Website ,No,No,Yes,No,No,No,"Mitsubishi Electric Diamond Contractor, BBB Accredited with A+ rating, Expertise.com: Best HVAC Professionals in Gaithersburg 2021"
"Meyer Electrical Services, Inc.","7209 Lenhart Dr, Bethesda, MD 20815",,MD,20815,+13019411400,301-941-1400,http://www.meyerelectrical.com/,walt@meyerelectrical.com,No,No,No,Yes,No,Yes,"Kohler In Power Gold Dealer, Eaton Certified Electriical Contractor"
"Michael & Son Services, Inc.","5740 General Washington Dr Alexandria, VA 22312",,VA,22312,+18009486453,(800) 948-6453,http://www.michaelandson.com/,eric.gainer@michaelandson.com,No,No,Yes,Yes,Yes,Yes,"Factory Authorized Dealer Carrier, Eaton Certified Electriical Contractor"
Mina Hvac,"3403 Windom Rd, Brentwood, MD 20722",,MD,20722,+12403555998,(240) 355-5998,https://minahvacincmd.com,info@minahvacincmd.com,No,No,Yes,No,Yes,No,"Mitsubishi Electric Diamond Contractor, BBB Accredited with A+ rating"
Minor Buckler Electrical Cont.,"Mechanicsville, MD 20659",,MD,20659,+13018843890,301-884-3890,https://bucklerelectric.com/,,,,,,,,Eaton Certified Electrical Contractor
Mister Rogers Electric,"Woodbridge, VA 22192",,VA,22192,+15715064229,571-506-4229,https://misterrogerselectric.com/,,,,,,,,Eaton Certified Electrical Contractor
"Mister Sparky Electric - Glen Burnie, Md","Glen Burnie, MD 21061",,MD,21061,+14432956035, (443) 295-6035,https://www.mistersparky.com/columbia-md/,,,,,,,,Eaton Certified Electrical Contractor
Mister Sparky Of Virginia,"3601 Commerce Dr Ste 101 Halethorpe, MD 21227",,MD,21227,+15716206068, (571) 620-6068,https://www.mistersparky.com/ashburn/,Contact through Website ,No,No,No,Yes,No,No,Eaton Certified Electriical Contractor
Mr. Electric Of Fairfax ,"7350 Lockport Pl, Ste D Lorton, VA, 22079",,VA,22079,+17033494796,(703) 349-4796,https://mrelectric.com/fairfax,Contact through Website ,No,No,No,Yes,No,Yes,Eaton Certified Electrical Contractor
"MVM Home Service, Inc.","5705 Oak Hill Pl Alexandria, VA 22310",,VA,22310,+1 703-919-9113,703-919-9113,https://mvmhomeservicellc.com,mauriciolopez@mvmhomeservice.com,No,No,Yes,No,No,No,"Pro Partner Heating + Cooling, Residential Financing, BBB Accredited with A+ rating "
Nice Splice Electric,"9500 Sidebrook Rd, Apt.102 Owings Mills, MD 21117",,MD,21117,+16673058429,(667) 305-8429,http://nicespliceelectric.com/,nicesplicellc@gmail.com,No,No,No,Yes,No,No,"HomeAdvisor Top Rated, Eaton Certified Electrical Contractor"
One Hour Heating And Air Conditioning Of Northern Va,"21730 Red Rum Drive, Suite 182 Ashburn, VA 20147",,VA,20147,+15716674833,(571) 667-4833,https://www.onehourheatandair.com/northern-virginia/?utm_source=GMB&utm_medium=organic&utm_campaign=gbp_main,Contact through Website ,No,No,Yes,No,Yes,No,Mitsubishi Electric Diamond Contractor
"Ourisman Environmental, LLC","Bethesda, MD 20814",,MD,20814,+13016525299,301-652-5299,http://www.greencardc.com/,greencardc@gmail.com,,,,,,,Eaton Certified Electriical Contractor
Pro Energy Electric LLC,"Baltimore, MD 21206",,MD,21206,+14436064688,(443) 606-4688,https://proenergyelectric.org/,,,,,,,,
Revolution Solar,"641 S St NW, Washington, DC 20001",,DC,20001,+14438655039,(443) 865-5039,https://revolutionsolarenergy.com,Contact through Website ,No,No,No,Yes,No,No,
"Sila Heating, Air Conditioning & Plumbing","7000 Virginia Manor Rd Beltsville, Maryland 20705",,MD,20705,+12403763186,(240) 376-3186,https://dcmdva.sila.com/?utm_source=google&utm_medium=organic,webresponse-md@sila.com,No,No,Yes,No,Yes,No,"Mitsubishi Electric Diamond Contractor, BBB Accredited with A+ rating"
Snell Heating And Air,"22977 Eaglewood Ct, STERLING , VA 20166",,VA,20166,+1-571-701-1177,571-701-1177,https://www.snellheatingandair.com,Contact through Website ,No,No,Yes,Yes,Yes,No,Daikin Comfort Pro
Solar Solution,"4700 14th Street NW, Washington, DC 20011",,DC,20011,+12022491112,(202) 249-1112,https://www.solarsolutiondc.com,sales@solarsolutiondc.com,No,No,No,Yes,No,No,"Certified Business Enterprise, Authorized Contractor by the DOEE, NABCEP Certified in PV Sales"
Southern Pride Service Inc. ,"4463 Printers Court White Plains, MD 20695",,MD,20695,+13019324925,(301) 932-4925,https://www.southernprideservice.com,Contact through Website ,No,No,Yes,No,Yes,No,"Mitsubishi Electric Diamond Contractor, American Standard Customer Care Dealer"
Sustainable You,"1255 Union St NE 7th Floor Office #8, Washington, DC 20002",,DC,20002,+12029027572,(202) 902-7572,https://sustainable-you.org,Contact through Website ,No,No,No,Yes,No,No,"BBB Accredited with A+ rating, Certified Business Enterprise"
Trademasters Service Inc,"7208 Lockport Pl. Lorton, VA 22079 ",,VA,22079,+17036446400,703-644-6400,https://trademasters.com,HELP@TRADEMASTERS.COM,No,No,Yes,Yes,Yes,Yes,"Commonwealth of Virginia V3 Certified Company, National Comfort Institute, Trane Comfort Specialist, Energy Star, North American Technician Excellence (NATE), Daikin Comfort Pro"
Tuckers Ac & Htg LLC,"4650 WEDGEWOOD BLVD STE 102, FREDERICK , MD 21703",,MD,21703,+12409826137,240-982-6137,https://tuckersac.com/?hsLang=en,Contact through Website ,No,No,Yes,No,Yes,No,"Daikin Comfort Pro since 2014, USA Club Membership"
United Air Temp,"11900 Parklawn Dr Ste Rockville, MD 20852",,MD,20852,+16674120292,(667) 412-0292,https://www.unitedairtemp.com/baltimore-md-area/,Contact through Website ,No,No,Yes,Yes,Yes,No,"BBB Accredited with A+ rating, Energy Star, North American Technician Excellence (NATE), 2022 HVACR National Contractor of the Year"
Uprise Electric Company,"1140 3rd St NE, Washington, DC 20002",,DC,20002,+12028703455,(202) 870-3455,https://www.uprisesolar.com,info@uprisesolar.com,No,No,No,Yes,No,No,
Warner Super Service,"7321 Livingston Rd, Oxon Hill, MD 20745",,MD,20745,+13015672001,301-567-2001,https://www.warnersuperservice.com,Contact through Website ,No,No,Yes,No,Yes,No,"Residential Financing, BBB Accredited with A+ rating"
"Warthen Fuel Co., Inc.","4012 BENSON AVE # 12, BALTIMORE , MD 21227",,MD,21227,+14102420990,410-242-0990,https://warthenfuel.com,WarthenFuelCompany@gmail.com,No,No,Yes,No,Yes,No,Daikin Comfort Pro
YB Mechanical LLC,"12512 Parker Ln Clinton, MD 20735",,MD,20735,+18338548933,833-854-8933,https://ybmechanical.com,info@ybmechanical.com,No,No,Yes,No,Yes,No,"Pro Partner Plumbing, BBB Accredited with A rating, Energy Star Certified"